{
    "normals":[0,0,-1,-0,0,-1,0,-0,-1,0,-0,-1,1.78958e-07,-8.94793e-08,-1,-1.61062e-07,-8.05313e-08,-1,-0,-0,-1,-0,-8.94793e-08,-1,1.78959e-07,-8.94793e-08,-1,-1.61063e-07,-8.05313e-08,-1,0,0,-1,0,-8.94793e-08,-1,1,-0,-0,1,-0,0,0,-1,0,-1,0,0,-1,-0,0,0,1,-8.74228e-08,0,8.74228e-08,1,-0,8.74228e-08,1,0,1,-2.01328e-07,0,-8.94793e-08,-1,-0,-8.94793e-08,-1,0,1,-2.01328e-07],
    "faces":[34,0,1,2,0,0,0,0,34,2,1,3,0,1,1,1,34,4,5,6,0,2,2,2,34,6,5,7,0,3,3,3,34,7,5,8,0,4,4,4,34,8,5,0,0,5,5,5,34,8,0,9,0,6,6,6,34,9,0,2,0,6,6,6,34,9,2,10,0,7,7,7,34,3,1,11,0,8,8,8,34,11,1,4,0,9,9,9,34,11,4,10,0,10,10,10,34,10,4,6,0,10,10,10,34,10,6,9,0,11,11,11,34,0,5,12,0,12,12,12,34,12,5,13,0,13,13,13,34,1,0,14,0,14,14,14,34,14,0,12,0,14,14,14,34,4,1,15,0,15,15,15,34,15,1,14,0,16,16,16,34,5,4,13,0,17,17,17,34,13,4,15,0,17,17,17,34,15,14,13,0,18,18,18,34,13,14,12,0,19,19,19,34,16,17,11,0,15,15,15,34,11,17,3,1,16,16,16,34,18,16,10,1,20,20,20,34,10,16,11,1,20,20,20,34,19,18,2,1,12,12,12,34,2,18,10,1,13,13,13,34,17,19,3,1,14,14,14,34,3,19,2,1,14,14,14,34,18,19,16,1,21,21,21,34,16,19,17,1,22,22,22,34,20,21,6,1,15,15,15,34,6,21,9,1,16,16,16,34,22,20,7,1,23,23,23,34,7,20,6,1,23,23,23,34,23,22,8,1,12,12,12,34,8,22,7,1,13,13,13,34,21,23,9,1,14,14,14,34,9,23,8,1,14,14,14,34,22,23,20,1,11,11,11,34,20,23,21,1,7,7,7],
    "vertices":[-2.76106,2.96057,0.88817,-0.54063,2.96057,0.88817,-1.62124,2.81254,0.88817,-0.614644,2.81254,0.88817,-0.54063,7.76463e-08,0.888171,-2.76106,7.76463e-08,0.888171,-1.68045,0.148029,0.888171,-2.68704,0.148029,0.888171,-2.68704,2.81254,0.88817,-1.68045,2.81254,0.88817,-1.62124,0.148029,0.888171,-0.614644,0.148029,0.888171,-2.76106,2.96057,-2.58821e-07,-2.76106,0,0,-0.54063,2.96057,-2.58821e-07,-0.54063,0,0,-0.614644,0.148029,0.962185,-0.614644,2.81254,0.962185,-1.62124,0.148029,0.962185,-1.62124,2.81254,0.962185,-1.68045,0.148029,0.962185,-1.68045,2.81254,0.962185,-2.68704,0.148029,0.962185,-2.68704,2.81254,0.962185],
    "uvs":[],
    "metadata":{
        "normals":24,
        "version":3,
        "vertices":24,
        "generator":"io_three",
        "uvs":0,
        "faces":44,
        "type":"Geometry",
        "materials":2
    },
    "materials":[{
        "shading":"phong",
        "DbgName":"Material.001",
        "opacity":1,
        "doubleSided":false,
        "DbgColor":15658734,
        "mapDiffuseAnisotropy":1,
        "DbgIndex":0,
        "mapDiffuseWrap":["repeat","repeat"],
        "colorSpecular":[0.5,0.5,0.5],
        "transparent":false,
        "mapDiffuseRepeat":[1,1],
        "mapDiffuse":"madeiraporta.jpg",
        "visible":true,
        "wireframe":false,
        "colorDiffuse":[0.64,0.64,0.64],
        "specularCoef":50,
        "depthTest":true,
        "depthWrite":true,
        "colorEmissive":[0,0,0],
        "blending":1
    },{
        "shading":"phong",
        "DbgName":"Material.002",
        "opacity":1,
        "doubleSided":false,
        "DbgColor":15597568,
        "DbgIndex":1,
        "colorSpecular":[0.5,0.5,0.5],
        "transparent":false,
        "visible":true,
        "wireframe":false,
        "colorDiffuse":[0.64,0.64,0.64],
        "specularCoef":50,
        "depthTest":true,
        "depthWrite":true,
        "colorEmissive":[0,0,0],
        "blending":1
    }]
}