{
    "materials":[{
        "colorDiffuse":[0.0954206,0.0954206,0.0954206],
        "colorEmissive":[0,0,0],
        "visible":true,
        "doubleSided":false,
        "DbgIndex":0,
        "opacity":1,
        "DbgName":"Material.001",
        "specularCoef":50,
        "DbgColor":15658734,
        "blending":1,
        "shading":"phong",
        "wireframe":false,
        "colorSpecular":[0.5,0.5,0.5],
        "transparent":false,
        "depthWrite":true,
        "depthTest":true
    },{
        "colorDiffuse":[0.8,0.8,0.8],
        "colorEmissive":[0,0,0],
        "visible":true,
        "doubleSided":false,
        "DbgIndex":1,
        "opacity":0.71,
        "DbgName":"Material.002",
        "specularCoef":50,
        "DbgColor":15597568,
        "blending":1,
        "shading":"phong",
        "wireframe":false,
        "colorSpecular":[1,1,1],
        "transparent":true,
        "depthWrite":true,
        "depthTest":true
    },{
        "colorDiffuse":[0.64,0.64,0.64],
        "colorEmissive":[0,0,0],
        "visible":true,
        "doubleSided":false,
        "DbgIndex":2,
        "opacity":1,
        "DbgName":"Material.003",
        "specularCoef":50,
        "DbgColor":60928,
        "blending":1,
        "shading":"phong",
        "wireframe":false,
        "colorSpecular":[0.5,0.5,0.5],
        "transparent":false,
        "depthWrite":true,
        "depthTest":true
    }],
    "uvs":[[0.531835,0.531486,0.000100029,0.53245,0.522771,0.522431,0.00922629,0.52311,0.513815,0.513485,0.0181866,0.51406,0.505182,0.504856,0.0268327,0.505337,0.49685,0.496532,0.0351557,0.496948,0.0431891,0.488924,0.488772,0.488461,0.0509382,0.481174,0.480989,0.480688,0.0584033,0.473705,0.4735,0.473205,0.0656067,0.466501,0.466238,0.465949,0.0746011,0.457577,0.457353,0.456995,0.0834282,0.448775,0.448576,0.448201,0.0921192,0.440096,0.439921,0.439541,0.100715,0.431502,0.431349,0.430976,0.109244,0.422964,0.422831,0.422474,0.117732,0.414464,0.414349,0.414012,0.532087,9.99781e-05,0.522769,0.00922114,0.513736,0.0181786,0.505038,0.0268839,0.496677,0.0352605,0.488683,0.0433359,0.480968,0.0511111,0.473519,0.0585575,0.466333,0.0657443,0.457361,0.0746488,0.448555,0.0834315,0.439885,0.0920914,0.431311,0.100667,0.4228,0.109188,0.41433,0.117672,9.99781e-05,0.000115494,0.00947831,0.00948845,0.0185074,0.0185081,0.0272077,0.0271233,0.0355993,0.0354359,0.0436774,0.0434527,0.0514568,0.0511725,0.0589376,0.0586584,0.0661917,0.0659179,0.0750665,0.0748763,0.0838348,0.0836745,0.0924811,0.0923382,0.101045,0.100907,0.109555,0.109412,0.118029,0.117878,0,0,0.9999,9.998e-05,0.9999,0.9999,9.998e-05,0.000100049,0.000100049,0.9999,0.532287,0.467713,0.532287,9.99781e-05,0.9999,0.467713,0.9999,9.99781e-05]],
    "vertices":[-0.88849,0.349155,-0.795694,-0.88849,0.349155,0.698427,-0.887876,0.36071,-0.79508,-0.887876,0.36071,0.697813,-0.886037,0.372194,-0.793241,-0.886037,0.372194,0.695974,-0.882985,0.383536,-0.79019,-0.882985,0.383536,0.692923,-0.878739,0.394666,-0.785944,-0.878739,0.394666,0.688677,-0.873325,0.405515,0.683263,-0.873325,0.405515,-0.780529,-0.866776,0.416016,0.676714,-0.866776,0.416016,-0.773981,-0.859133,0.426106,0.66907,-0.859133,0.426106,-0.766337,-0.850443,0.435721,0.66038,-0.850443,0.435721,-0.757647,-0.830141,0.453294,0.640078,-0.830141,0.453294,-0.737345,-0.80637,0.468303,0.616307,-0.80637,0.468303,-0.713574,-0.779716,0.480378,0.589653,-0.779716,0.480378,-0.68692,-0.750835,0.489222,0.560772,-0.750835,0.489222,-0.658039,-0.720438,0.494617,0.530375,-0.720438,0.494617,-0.627642,-0.689274,0.49643,0.499211,-0.689274,0.49643,-0.596478,0.605631,0.349155,-0.795694,0.605017,0.36071,-0.79508,0.603179,0.372194,-0.793241,0.600127,0.383536,-0.79019,0.595881,0.394666,-0.785944,0.590467,0.405515,-0.780529,0.583918,0.416016,-0.773981,0.576275,0.426106,-0.766337,0.567584,0.435721,-0.757647,0.547282,0.453294,-0.737345,0.523511,0.468303,-0.713574,0.496857,0.480378,-0.68692,0.467976,0.489222,-0.658039,0.437579,0.494617,-0.627642,0.406415,0.49643,-0.596478,0.605631,0.349155,0.698427,0.605017,0.36071,0.697813,0.603179,0.372194,0.695974,0.600127,0.383536,0.692923,0.595881,0.394666,0.688677,0.590467,0.405515,0.683263,0.583918,0.416016,0.676714,0.576275,0.426106,0.66907,0.567584,0.435721,0.66038,0.547282,0.453294,0.640078,0.523511,0.468303,0.616307,0.496857,0.480378,0.589653,0.467976,0.489222,0.560772,0.437579,0.494617,0.530375,0.406415,0.49643,0.499211,0.605631,0.128243,0.698427,0.605631,0.128243,-0.795694,-0.88849,0.128243,-0.795694,-0.88849,0.128243,0.698427],