{
    "uvs":[[0,0,1,0,1,1]],
    "metadata":{
        "uvs":1,
        "version":3,
        "generator":"io_three",
        "faces":60,
        "type":"Geometry",
        "vertices":32,
        "materials":1,
        "normals":25
    },
    "vertices":[3.6912,1.16543,1.69565,3.6912,1.16543,1.88406,0.1538,1.16543,1.88406,0.1538,1.16543,0.188406,0.1538,1.16543,0,3.6912,1.16543,0,3.6912,1.16543,0.188406,3.845,1.16543,0.188406,3.845,1.16543,1.69565,0.1538,1.16543,1.69565,0,1.16543,1.69565,0,1.16543,0.188406,3.845,0,0.188406,3.845,0,0,3.845,1.24701,0,3.845,1.24701,1.88406,3.845,0,1.69565,3.845,0,1.88406,0.1538,0,0,0,0,0,0,1.24701,0,3.6912,0,0,0,0,1.69565,0,0,1.88406,0,1.24701,1.88406,0,0,0.188406,3.6912,0,1.88406,0.1538,0,1.88406,0.1538,0,1.69565,0.1538,0,0.188406,3.6912,0,1.69565,3.6912,0,0.188406],
    "materials":[{
        "DbgIndex":0,
        "wireframe":false,
        "specularCoef":50,
        "doubleSided":false,
        "colorDiffuse":[0.64,0.64,0.64],
        "DbgName":"Material.001",
        "shading":"phong",
        "colorSpecular":[0.5,0.5,0.5],
        "depthWrite":true,
        "blending":1,
        "mapDiffuseAnisotropy":1,
        "DbgColor":15658734,
        "mapDiffuseRepeat":[1,1],
        "depthTest":true,
        "mapDiffuseWrap":["repeat","repeat"],
        "transparent":false,
        "mapDiffuse":"wood.jpg",
        "colorEmissive":[0,0,0],
        "opacity":1,
        "visible":true
    }],
    "faces":[42,0,1,2,0,0,1,2,0,0,0,42,3,4,5,0,0,1,2,0,0,0,42,6,7,8,0,0,1,2,1,1,1,42,9,10,11,0,0,1,2,2,2,2,42,11,3,9,0,0,1,2,1,1,1,42,9,3,5,0,0,1,2,0,0,0,42,9,5,2,0,0,1,2,3,3,3,42,2,5,6,0,0,1,2,3,3,3,42,2,6,0,0,0,1,2,3,3,3,42,0,6,8,0,0,1,2,4,4,4,42,12,13,7,0,0,1,2,5,5,5,42,7,13,14,0,0,1,2,5,5,5,42,7,14,8,0,0,1,2,6,6,6,42,8,14,15,0,0,1,2,6,6,6,42,8,15,16,0,0,1,2,7,7,7,42,16,15,17,0,0,1,2,7,7,7,42,18,19,4,0,0,1,2,8,8,8,42,4,19,20,0,0,1,2,9,9,9,42,4,20,5,0,0,1,2,10,10,10,42,5,20,14,0,0,1,2,10,10,10,42,5,14,21,0,0,1,2,11,11,11,42,21,14,13,0,0,1,2,11,11,11,42,22,23,10,0,0,1,2,12,12,12,42,10,23,24,0,0,1,2,12,12,12,42,10,24,11,0,0,1,2,13,13,13,42,11,24,20,0,0,1,2,14,14,14,42,11,20,25,0,0,1,2,15,15,15,42,25,20,19,0,0,1,2,15,15,15,42,26,17,1,0,0,1,2,16,16,16,42,1,17,15,0,0,1,2,16,16,16,42,1,15,2,0,0,1,2,17,17,17,42,2,15,24,0,0,1,2,17,17,17,42,2,24,27,0,0,1,2,18,18,18,42,27,24,23,0,0,1,2,17,17,17,42,20,24,14,0,0,1,2,19,19,19,42,14,24,15,0,0,1,2,19,19,19,42,28,22,9,0,0,1,2,8,8,8,42,9,22,10,0,0,1,2,20,20,20,42,27,28,2,0,0,1,2,5,5,5,42,2,28,9,0,0,1,2,5,5,5,42,28,27,22,0,0,1,2,0,0,0,42,22,27,23,0,0,1,2,21,21,21,42,29,18,3,0,0,1,2,5,5,5,42,3,18,4,0,0,1,2,5,5,5,42,25,29,11,0,0,1,2,22,22,22,42,11,29,3,0,0,1,2,22,22,22,42,18,29,19,0,0,1,2,0,0,0,42,19,29,25,0,0,1,2,21,21,21,42,30,26,0,0,0,1,2,12,12,12,42,0,26,1,0,0,1,2,12,12,12,42,16,30,8,0,0,1,2,23,23,23,42,8,30,0,0,0,1,2,9,9,9,42,26,30,17,0,0,1,2,24,24,24,42,17,30,16,0,0,1,2,0,0,0,42,31,12,6,0,0,1,2,16,16,16,42,6,12,7,0,0,1,2,16,16,16,42,21,31,5,0,0,1,2,12,12,12,42,5,31,6,0,0,1,2,12,12,12,42,31,21,12,0,0,1,2,24,24,24,42,12,21,13,0,0,1,2,0,0,0],
    "normals":[0,-1,0,-0,-1,-0,0,-1,0,-0,-1,-0,-0,-1,0,1,0,-0,1,0,0,1,-0,0,0,-0,-1,0,0,-1,-0,-0,-1,-0,0,-1,-1,-0,-0,-1,-0,0,-1,-0,0,-1,0,0,0,0,1,-0,0,1,-0,-0,1,0,1,0,0,0,-1,0,-1,-0,0,0,1,0,-0,-1,-0,-1,0]
}