{
    "materials":[{
        "transparent":false,
        "blending":1,
        "wireframe":false,
        "mapDiffuseRepeat":[1,1],
        "depthWrite":true,
        "shading":"phong",
        "DbgColor":15658734,
        "colorSpecular":[0.5,0.5,0.5],
        "mapDiffuse":"carpet.jpg",
        "colorEmissive":[0,0,0],
        "specularCoef":50,
        "mapDiffuseAnisotropy":1,
        "opacity":1,
        "depthTest":true,
        "colorDiffuse":[0.64,0.64,0.64],
        "mapDiffuseWrap":["repeat","repeat"],
        "visible":true,
        "DbgName":"Material.002",
        "doubleSided":false,
        "DbgIndex":0
    }],
    "vertices":[2.46407,-0.0235596,-3.62871,2.46407,-0.0235596,3.4392,2.46407,1.50332e-07,-3.62871,2.46407,1.50332e-07,3.4392,-2.24787,-0.0235596,-3.62871,-2.24787,1.50332e-07,-3.62871,-2.24787,-0.0235596,3.4392,-2.24787,1.50332e-07,3.4392],
    "metadata":{
        "version":3,
        "vertices":8,
        "generator":"io_three",
        "materials":1,
        "faces":12,
        "uvs":1,
        "type":"Geometry",
        "normals":8
    },
    "uvs":[[0,0,0.666639,8.16363e-05,0.666639,0.999918,8.16363e-05,8.1677e-05,8.16363e-05,0.999918]],
    "faces":[42,0,1,2,0,0,0,0,0,0,0,42,2,1,3,0,0,0,0,0,0,0,42,4,0,5,0,0,0,0,1,1,1,42,5,0,2,0,0,0,0,1,1,1,42,6,4,7,0,0,0,0,2,2,2,42,7,4,5,0,0,0,0,2,2,2,42,1,6,3,0,0,0,0,3,3,3,42,3,6,7,0,0,0,0,4,4,4,42,4,6,0,0,0,0,0,5,5,5,42,0,6,1,0,0,0,0,5,5,5,42,7,5,3,0,1,2,3,6,6,6,42,3,5,2,0,3,2,4,7,7,7],
    "normals":[-1,-0,-0,0,0,1,1,0,-0,0,-0,-1,0,0,-1,0,1,0,-0,-1,0,0,-1,0]
}