{
    "metadata":{
        "version":3,
        "materials":2,
        "vertices":8,
        "generator":"io_three",
        "faces":12,
        "type":"Geometry",
        "uvs":1,
        "normals":11
    },
    "faces":[42,0,1,2,0,0,0,0,0,0,0,42,2,1,3,0,0,0,0,0,0,0,42,4,5,6,0,1,2,3,1,1,1,42,6,5,7,0,3,2,4,2,2,2,42,3,6,2,1,5,6,7,3,3,3,42,2,6,7,1,7,6,8,4,4,4,42,1,4,3,1,9,10,5,5,5,5,42,3,4,6,1,5,10,6,6,6,6,42,2,7,0,1,7,8,11,7,7,7,42,0,7,5,1,11,8,12,8,8,8,42,0,5,1,1,11,12,9,9,9,9,42,1,5,4,1,9,12,10,10,10,10],
    "uvs":[[0,0,7.90325e-05,0.999921,7.89769e-05,7.89769e-05,0.623912,0.999921,0.623912,7.89769e-05,0.284581,0.559134,8.02748e-05,0.99992,0.282356,0.442925,8.12205e-05,0.000231748,0.362313,0.557074,0.644588,0.999768,0.360089,0.440864,0.644588,8.02748e-05]],
    "normals":[0,1,0,-0,-1,0,0,-1,0,0.345353,0.938473,0,0.345354,0.938473,-0,0,0.971239,0.238106,0,0.971239,0.238106,0,0.971239,-0.238106,0,0.971239,-0.238106,-0.345354,0.938473,0,-0.345354,0.938473,0],
    "materials":[{
        "depthTest":true,
        "opacity":1,
        "specularCoef":50,
        "DbgIndex":0,
        "mapDiffuse":"forro.jpg",
        "colorSpecular":[0.5,0.5,0.5],
        "mapDiffuseWrap":["repeat","repeat"],
        "mapDiffuseAnisotropy":1,
        "transparent":false,
        "colorEmissive":[0,0,0],
        "DbgName":"Material.003",
        "mapDiffuseRepeat":[1,1],
        "visible":true,
        "colorDiffuse":[0.64,0.64,0.64],
        "wireframe":false,
        "depthWrite":true,
        "shading":"phong",
        "doubleSided":false,
        "DbgColor":15658734,
        "blending":1
    },{
        "depthTest":true,
        "opacity":1,
        "specularCoef":50,
        "DbgIndex":1,
        "mapDiffuse":"telha.jpg",
        "colorSpecular":[0.5,0.5,0.5],
        "mapDiffuseWrap":["repeat","repeat"],
        "mapDiffuseAnisotropy":1,
        "transparent":false,
        "colorEmissive":[0,0,0],
        "DbgName":"Material.004",
        "mapDiffuseRepeat":[1,1],
        "visible":true,
        "colorDiffuse":[0.64,0.64,0.64],
        "wireframe":false,
        "depthWrite":true,
        "shading":"phong",
        "doubleSided":false,
        "DbgColor":15597568,
        "blending":1
    }],
    "vertices":[0.709895,3.56225,0.0653162,0.709895,3.56225,3.98753,3.52788,3.56225,0.0653162,3.52788,3.56225,3.98753,-8.97027,-4.54181e-07,18.518,-8.97027,-4.54181e-07,-14.4652,13.208,-4.54181e-07,18.518,13.208,-4.54181e-07,-14.4652]
}